Workbook

Sheet اقرأني
A1: دفتر المتجر الصغير: المخزون + المبيعات + المصروفات + ملخص شهري
A3: ١. الخلايا الصفراء فقط للكتابة. الباقي معادلات تحسب وحدها.
A4: ٢. الأصناف: أضف كل صنف بكود فريد وسعر البيع والتكلفة والكمية الافتتاحية. عمود «تنبيه» يظهر «اطلب الآن» إذا وصل المتبقي لحد إعادة الطلب.
A5: ٣. المبيعات: سطر لكل صنف في الإيصال. اختر الكود من القائمة، ويظهر اسم الصنف والسعر والإجمالي والربح تلقائيًا. الإيصال بأكثر من صنف = عدة أسطر بنفس الرقم.
A6: ٤. المصروفات: الإيجار والشحن والتسويق وغيرها.
A7: ٥. الملخص: اكتب السنة في الخلية I1 فيظهر لكل شهر المبيعات والربح والمصروفات وصافي الربح وعدد الإيصالات.
A8: ٦. البيانات الموجودة مثال فقط. امسح الأسطر الصفراء (لا تمسح الأعمدة الرمادية) وابدأ ببياناتك.
A10: يعمل على Excel و Google Sheets و LibreOffice. يغطي ٢٠٠٠ سطر في كل ورقة.
A11: ملاحظة: هذا دفتر متابعة داخلي، وليس فاتورة ضريبية ولا فوترة إلكترونية معتمدة من هيئة الزكاة والضريبة والجمارك.
A13: نسخة الباقة: العملاء (إجمالي مشترياتهم وما تبقى عليهم من الآجل)، الإيصال (اكتب رقم الإيصال في C3 واطبع)، الرسوم (مبيعات وأرباح كل شهر).

Sheet الأصناف
A1: الكود | B1: الصنف | C1: سعر البيع | D1: التكلفة | E1: الكمية الافتتاحية | F1: المباع | G1: المتبقي | H1: حد إعادة الطلب | I1: تنبيه
A2: P001 | B2: قهوة عربية 250غ | C2: 35 | D2: 22 | E2: 40 | F2: =IF(A2="","",SUMIFS(المبيعات!$F$2:$F$2000,المبيعات!$D$2:$D$2000,A2)) | G2: =IF(A2="","",E2-F2) | H2: 8 | I2: =IF(OR(A2="",H2=""),"",IF(G2<=H2,"اطلب الآن",""))
A3: P002 | B3: تمر سكري 1كغ | C3: 45 | D3: 30 | E3: 25 | F3: =IF(A3="","",SUMIFS(المبيعات!$F$2:$F$2000,المبيعات!$D$2:$D$2000,A3)) | G3: =IF(A3="","",E3-F3) | H3: 5 | I3: =IF(OR(A3="",H3=""),"",IF(G3<=H3,"اطلب الآن",""))
A4: P003 | B4: هيل 100غ | C4: 28 | D4: 18 | E4: 30 | F4: =IF(A4="","",SUMIFS(المبيعات!$F$2:$F$2000,المبيعات!$D$2:$D$2000,A4)) | G4: =IF(A4="","",E4-F4) | H4: 6 | I4: =IF(OR(A4="",H4=""),"",IF(G4<=H4,"اطلب الآن",""))
A5: P004 | B5: بخور معمول | C5: 60 | D5: 38 | E5: 12 | F5: =IF(A5="","",SUMIFS(المبيعات!$F$2:$F$2000,المبيعات!$D$2:$D$2000,A5)) | G5: =IF(A5="","",E5-F5) | H5: 4 | I5: =IF(OR(A5="",H5=""),"",IF(G5<=H5,"اطلب الآن",""))
A6: P005 | B6: دلة ستيل | C6: 90 | D6: 55 | E6: 6 | F6: =IF(A6="","",SUMIFS(المبيعات!$F$2:$F$2000,المبيعات!$D$2:$D$2000,A6)) | G6: =IF(A6="","",E6-F6) | H6: 2 | I6: =IF(OR(A6="",H6=""),"",IF(G6<=H6,"اطلب الآن",""))
F7: =IF(A7="","",SUMIFS(المبيعات!$F$2:$F$2000,المبيعات!$D$2:$D$2000,A7)) | G7: =IF(A7="","",E7-F7) | I7: =IF(OR(A7="",H7=""),"",IF(G7<=H7,"اطلب الآن",""))
F8: =IF(A8="","",SUMIFS(المبيعات!$F$2:$F$2000,المبيعات!$D$2:$D$2000,A8)) | G8: =IF(A8="","",E8-F8) | I8: =IF(OR(A8="",H8=""),"",IF(G8<=H8,"اطلب الآن",""))
F9: =IF(A9="","",SUMIFS(المبيعات!$F$2:$F$2000,المبيعات!$D$2:$D$2000,A9)) | G9: =IF(A9="","",E9-F9) | I9: =IF(OR(A9="",H9=""),"",IF(G9<=H9,"اطلب الآن",""))
F10: =IF(A10="","",SUMIFS(المبيعات!$F$2:$F$2000,المبيعات!$D$2:$D$2000,A10)) | G10: =IF(A10="","",E10-F10) | I10: =IF(OR(A10="",H10=""),"",IF(G10<=H10,"اطلب الآن",""))
F11: =IF(A11="","",SUMIFS(المبيعات!$F$2:$F$2000,المبيعات!$D$2:$D$2000,A11)) | G11: =IF(A11="","",E11-F11) | I11: =IF(OR(A11="",H11=""),"",IF(G11<=H11,"اطلب الآن",""))
F12: =IF(A12="","",SUMIFS(المبيعات!$F$2:$F$2000,المبيعات!$D$2:$D$2000,A12)) | G12: =IF(A12="","",E12-F12) | I12: =IF(OR(A12="",H12=""),"",IF(G12<=H12,"اطلب الآن",""))
F13: =IF(A13="","",SUMIFS(المبيعات!$F$2:$F$2000,المبيعات!$D$2:$D$2000,A13)) | G13: =IF(A13="","",E13-F13) | I13: =IF(OR(A13="",H13=""),"",IF(G13<=H13,"اطلب الآن",""))
F14: =IF(A14="","",SUMIFS(المبيعات!$F$2:$F$2000,المبيعات!$D$2:$D$2000,A14)) | G14: =IF(A14="","",E14-F14) | I14: =IF(OR(A14="",H14=""),"",IF(G14<=H14,"اطلب الآن",""))
F15: =IF(A15="","",SUMIFS(المبيعات!$F$2:$F$2000,المبيعات!$D$2:$D$2000,A15)) | G15: =IF(A15="","",E15-F15) | I15: =IF(OR(A15="",H15=""),"",IF(G15<=H15,"اطلب الآن",""))
F16: =IF(A16="","",SUMIFS(المبيعات!$F$2:$F$2000,المبيعات!$D$2:$D$2000,A16)) | G16: =IF(A16="","",E16-F16) | I16: =IF(OR(A16="",H16=""),"",IF(G16<=H16,"اطلب الآن",""))
F17: =IF(A17="","",SUMIFS(المبيعات!$F$2:$F$2000,المبيعات!$D$2:$D$2000,A17)) | G17: =IF(A17="","",E17-F17) | I17: =IF(OR(A17="",H17=""),"",IF(G17<=H17,"اطلب الآن",""))
F18: =IF(A18="","",SUMIFS(المبيعات!$F$2:$F$2000,المبيعات!$D$2:$D$2000,A18)) | G18: =IF(A18="","",E18-F18) | I18: =IF(OR(A18="",H18=""),"",IF(G18<=H18,"اطلب الآن",""))
... F2000: =IF(A2000="","",SUMIFS(المبيعات!$F$2:$F$2000,المبيعات!$D$2:$D$2000,A2000)) | G2000: =IF(A2000="","",E2000-F2000) | I2000: =IF(OR(A2000="",H2000=""),"",IF(G2000<=H2000,"اطلب الآن",""))

Sheet المبيعات
A1: التاريخ | B1: رقم الإيصال | C1: العميل | D1: كود الصنف | E1: الصنف | F1: الكمية | G1: سعر الوحدة | H1: الإجمالي | I1: الربح | J1: طريقة الدفع | K1: سطر الإيصال (مساعد)
A2: 46267 | B2: 1001 | C2: أبو خالد | D2: P001 | E2: =IF(D2="","",IFERROR(INDEX(الأصناف!$B$2:$B$2000,MATCH(D2,الأصناف!$A$2:$A$2000,0)),"كود غير موجود")) | F2: 2 | G2: =IF(D2="","",IFERROR(INDEX(الأصناف!$C$2:$C$2000,MATCH(D2,الأصناف!$A$2:$A$2000,0)),0)) | H2: =IF(D2="","",F2*G2) | I2: =IF(D2="","",H2-F2*IFERROR(INDEX(الأصناف!$D$2:$D$2000,MATCH(D2,الأصناف!$A$2:$A$2000,0)),0)) | J2: نقدًا | K2: =IF(OR(B2="",B2<>الإيصال!$C$3),"",COUNTIF(B$2:B2,الإيصال!$C$3))
A3: 46267 | B3: 1001 | C3: أبو خالد | D3: P003 | E3: =IF(D3="","",IFERROR(INDEX(الأصناف!$B$2:$B$2000,MATCH(D3,الأصناف!$A$2:$A$2000,0)),"كود غير موجود")) | F3: 1 | G3: =IF(D3="","",IFERROR(INDEX(الأصناف!$C$2:$C$2000,MATCH(D3,الأصناف!$A$2:$A$2000,0)),0)) | H3: =IF(D3="","",F3*G3) | I3: =IF(D3="","",H3-F3*IFERROR(INDEX(الأصناف!$D$2:$D$2000,MATCH(D3,الأصناف!$A$2:$A$2000,0)),0)) | J3: نقدًا | K3: =IF(OR(B3="",B3<>الإيصال!$C$3),"",COUNTIF(B$2:B3,الإيصال!$C$3))
A4: 46270 | B4: 1002 | C4: متجر الورود | D4: P002 | E4: =IF(D4="","",IFERROR(INDEX(الأصناف!$B$2:$B$2000,MATCH(D4,الأصناف!$A$2:$A$2000,0)),"كود غير موجود")) | F4: 4 | G4: =IF(D4="","",IFERROR(INDEX(الأصناف!$C$2:$C$2000,MATCH(D4,الأصناف!$A$2:$A$2000,0)),0)) | H4: =IF(D4="","",F4*G4) | I4: =IF(D4="","",H4-F4*IFERROR(INDEX(الأصناف!$D$2:$D$2000,MATCH(D4,الأصناف!$A$2:$A$2000,0)),0)) | J4: تحويل | K4: =IF(OR(B4="",B4<>الإيصال!$C$3),"",COUNTIF(B$2:B4,الإيصال!$C$3))
A5: 46276 | B5: 1003 | C5: نورة | D5: P004 | E5: =IF(D5="","",IFERROR(INDEX(الأصناف!$B$2:$B$2000,MATCH(D5,الأصناف!$A$2:$A$2000,0)),"كود غير موجود")) | F5: 3 | G5: =IF(D5="","",IFERROR(INDEX(الأصناف!$C$2:$C$2000,MATCH(D5,الأصناف!$A$2:$A$2000,0)),0)) | H5: =IF(D5="","",F5*G5) | I5: =IF(D5="","",H5-F5*IFERROR(INDEX(الأصناف!$D$2:$D$2000,MATCH(D5,الأصناف!$A$2:$A$2000,0)),0)) | J5: مدى | K5: =IF(OR(B5="",B5<>الإيصال!$C$3),"",COUNTIF(B$2:B5,الإيصال!$C$3))
A6: 46283 | B6: 1004 | D6: P001 | E6: =IF(D6="","",IFERROR(INDEX(الأصناف!$B$2:$B$2000,MATCH(D6,الأصناف!$A$2:$A$2000,0)),"كود غير موجود")) | F6: 3 | G6: =IF(D6="","",IFERROR(INDEX(الأصناف!$C$2:$C$2000,MATCH(D6,الأصناف!$A$2:$A$2000,0)),0)) | H6: =IF(D6="","",F6*G6) | I6: =IF(D6="","",H6-F6*IFERROR(INDEX(الأصناف!$D$2:$D$2000,MATCH(D6,الأصناف!$A$2:$A$2000,0)),0)) | J6: مدى | K6: =IF(OR(B6="",B6<>الإيصال!$C$3),"",COUNTIF(B$2:B6,الإيصال!$C$3))
A7: 46296 | B7: 1005 | C7: أبو خالد | D7: P005 | E7: =IF(D7="","",IFERROR(INDEX(الأصناف!$B$2:$B$2000,MATCH(D7,الأصناف!$A$2:$A$2000,0)),"كود غير موجود")) | F7: 1 | G7: =IF(D7="","",IFERROR(INDEX(الأصناف!$C$2:$C$2000,MATCH(D7,الأصناف!$A$2:$A$2000,0)),0)) | H7: =IF(D7="","",F7*G7) | I7: =IF(D7="","",H7-F7*IFERROR(INDEX(الأصناف!$D$2:$D$2000,MATCH(D7,الأصناف!$A$2:$A$2000,0)),0)) | J7: تحويل | K7: =IF(OR(B7="",B7<>الإيصال!$C$3),"",COUNTIF(B$2:B7,الإيصال!$C$3))
A8: 46298 | B8: 1006 | C8: نورة | D8: P002 | E8: =IF(D8="","",IFERROR(INDEX(الأصناف!$B$2:$B$2000,MATCH(D8,الأصناف!$A$2:$A$2000,0)),"كود غير موجود")) | F8: 2 | G8: =IF(D8="","",IFERROR(INDEX(الأصناف!$C$2:$C$2000,MATCH(D8,الأصناف!$A$2:$A$2000,0)),0)) | H8: =IF(D8="","",F8*G8) | I8: =IF(D8="","",H8-F8*IFERROR(INDEX(الأصناف!$D$2:$D$2000,MATCH(D8,الأصناف!$A$2:$A$2000,0)),0)) | J8: آجل | K8: =IF(OR(B8="",B8<>الإيصال!$C$3),"",COUNTIF(B$2:B8,الإيصال!$C$3))
A9: 46302 | B9: 1007 | D9: P004 | E9: =IF(D9="","",IFERROR(INDEX(الأصناف!$B$2:$B$2000,MATCH(D9,الأصناف!$A$2:$A$2000,0)),"كود غير موجود")) | F9: 6 | G9: =IF(D9="","",IFERROR(INDEX(الأصناف!$C$2:$C$2000,MATCH(D9,الأصناف!$A$2:$A$2000,0)),0)) | H9: =IF(D9="","",F9*G9) | I9: =IF(D9="","",H9-F9*IFERROR(INDEX(الأصناف!$D$2:$D$2000,MATCH(D9,الأصناف!$A$2:$A$2000,0)),0)) | J9: مدى | K9: =IF(OR(B9="",B9<>الإيصال!$C$3),"",COUNTIF(B$2:B9,الإيصال!$C$3))
E10: =IF(D10="","",IFERROR(INDEX(الأصناف!$B$2:$B$2000,MATCH(D10,الأصناف!$A$2:$A$2000,0)),"كود غير موجود")) | G10: =IF(D10="","",IFERROR(INDEX(الأصناف!$C$2:$C$2000,MATCH(D10,الأصناف!$A$2:$A$2000,0)),0)) | H10: =IF(D10="","",F10*G10) | I10: =IF(D10="","",H10-F10*IFERROR(INDEX(الأصناف!$D$2:$D$2000,MATCH(D10,الأصناف!$A$2:$A$2000,0)),0)) | K10: =IF(OR(B10="",B10<>الإيصال!$C$3),"",COUNTIF(B$2:B10,الإيصال!$C$3))
E11: =IF(D11="","",IFERROR(INDEX(الأصناف!$B$2:$B$2000,MATCH(D11,الأصناف!$A$2:$A$2000,0)),"كود غير موجود")) | G11: =IF(D11="","",IFERROR(INDEX(الأصناف!$C$2:$C$2000,MATCH(D11,الأصناف!$A$2:$A$2000,0)),0)) | H11: =IF(D11="","",F11*G11) | I11: =IF(D11="","",H11-F11*IFERROR(INDEX(الأصناف!$D$2:$D$2000,MATCH(D11,الأصناف!$A$2:$A$2000,0)),0)) | K11: =IF(OR(B11="",B11<>الإيصال!$C$3),"",COUNTIF(B$2:B11,الإيصال!$C$3))
E12: =IF(D12="","",IFERROR(INDEX(الأصناف!$B$2:$B$2000,MATCH(D12,الأصناف!$A$2:$A$2000,0)),"كود غير موجود")) | G12: =IF(D12="","",IFERROR(INDEX(الأصناف!$C$2:$C$2000,MATCH(D12,الأصناف!$A$2:$A$2000,0)),0)) | H12: =IF(D12="","",F12*G12) | I12: =IF(D12="","",H12-F12*IFERROR(INDEX(الأصناف!$D$2:$D$2000,MATCH(D12,الأصناف!$A$2:$A$2000,0)),0)) | K12: =IF(OR(B12="",B12<>الإيصال!$C$3),"",COUNTIF(B$2:B12,الإيصال!$C$3))
E13: =IF(D13="","",IFERROR(INDEX(الأصناف!$B$2:$B$2000,MATCH(D13,الأصناف!$A$2:$A$2000,0)),"كود غير موجود")) | G13: =IF(D13="","",IFERROR(INDEX(الأصناف!$C$2:$C$2000,MATCH(D13,الأصناف!$A$2:$A$2000,0)),0)) | H13: =IF(D13="","",F13*G13) | I13: =IF(D13="","",H13-F13*IFERROR(INDEX(الأصناف!$D$2:$D$2000,MATCH(D13,الأصناف!$A$2:$A$2000,0)),0)) | K13: =IF(OR(B13="",B13<>الإيصال!$C$3),"",COUNTIF(B$2:B13,الإيصال!$C$3))
E14: =IF(D14="","",IFERROR(INDEX(الأصناف!$B$2:$B$2000,MATCH(D14,الأصناف!$A$2:$A$2000,0)),"كود غير موجود")) | G14: =IF(D14="","",IFERROR(INDEX(الأصناف!$C$2:$C$2000,MATCH(D14,الأصناف!$A$2:$A$2000,0)),0)) | H14: =IF(D14="","",F14*G14) | I14: =IF(D14="","",H14-F14*IFERROR(INDEX(الأصناف!$D$2:$D$2000,MATCH(D14,الأصناف!$A$2:$A$2000,0)),0)) | K14: =IF(OR(B14="",B14<>الإيصال!$C$3),"",COUNTIF(B$2:B14,الإيصال!$C$3))
E15: =IF(D15="","",IFERROR(INDEX(الأصناف!$B$2:$B$2000,MATCH(D15,الأصناف!$A$2:$A$2000,0)),"كود غير موجود")) | G15: =IF(D15="","",IFERROR(INDEX(الأصناف!$C$2:$C$2000,MATCH(D15,الأصناف!$A$2:$A$2000,0)),0)) | H15: =IF(D15="","",F15*G15) | I15: =IF(D15="","",H15-F15*IFERROR(INDEX(الأصناف!$D$2:$D$2000,MATCH(D15,الأصناف!$A$2:$A$2000,0)),0)) | K15: =IF(OR(B15="",B15<>الإيصال!$C$3),"",COUNTIF(B$2:B15,الإيصال!$C$3))
E16: =IF(D16="","",IFERROR(INDEX(الأصناف!$B$2:$B$2000,MATCH(D16,الأصناف!$A$2:$A$2000,0)),"كود غير موجود")) | G16: =IF(D16="","",IFERROR(INDEX(الأصناف!$C$2:$C$2000,MATCH(D16,الأصناف!$A$2:$A$2000,0)),0)) | H16: =IF(D16="","",F16*G16) | I16: =IF(D16="","",H16-F16*IFERROR(INDEX(الأصناف!$D$2:$D$2000,MATCH(D16,الأصناف!$A$2:$A$2000,0)),0)) | K16: =IF(OR(B16="",B16<>الإيصال!$C$3),"",COUNTIF(B$2:B16,الإيصال!$C$3))
E17: =IF(D17="","",IFERROR(INDEX(الأصناف!$B$2:$B$2000,MATCH(D17,الأصناف!$A$2:$A$2000,0)),"كود غير موجود")) | G17: =IF(D17="","",IFERROR(INDEX(الأصناف!$C$2:$C$2000,MATCH(D17,الأصناف!$A$2:$A$2000,0)),0)) | H17: =IF(D17="","",F17*G17) | I17: =IF(D17="","",H17-F17*IFERROR(INDEX(الأصناف!$D$2:$D$2000,MATCH(D17,الأصناف!$A$2:$A$2000,0)),0)) | K17: =IF(OR(B17="",B17<>الإيصال!$C$3),"",COUNTIF(B$2:B17,الإيصال!$C$3))
E18: =IF(D18="","",IFERROR(INDEX(الأصناف!$B$2:$B$2000,MATCH(D18,الأصناف!$A$2:$A$2000,0)),"كود غير موجود")) | G18: =IF(D18="","",IFERROR(INDEX(الأصناف!$C$2:$C$2000,MATCH(D18,الأصناف!$A$2:$A$2000,0)),0)) | H18: =IF(D18="","",F18*G18) | I18: =IF(D18="","",H18-F18*IFERROR(INDEX(الأصناف!$D$2:$D$2000,MATCH(D18,الأصناف!$A$2:$A$2000,0)),0)) | K18: =IF(OR(B18="",B18<>الإيصال!$C$3),"",COUNTIF(B$2:B18,الإيصال!$C$3))
E19: =IF(D19="","",IFERROR(INDEX(الأصناف!$B$2:$B$2000,MATCH(D19,الأصناف!$A$2:$A$2000,0)),"كود غير موجود")) | G19: =IF(D19="","",IFERROR(INDEX(الأصناف!$C$2:$C$2000,MATCH(D19,الأصناف!$A$2:$A$2000,0)),0)) | H19: =IF(D19="","",F19*G19) | I19: =IF(D19="","",H19-F19*IFERROR(INDEX(الأصناف!$D$2:$D$2000,MATCH(D19,الأصناف!$A$2:$A$2000,0)),0)) | K19: =IF(OR(B19="",B19<>الإيصال!$C$3),"",COUNTIF(B$2:B19,الإيصال!$C$3))
E20: =IF(D20="","",IFERROR(INDEX(الأصناف!$B$2:$B$2000,MATCH(D20,الأصناف!$A$2:$A$2000,0)),"كود غير موجود")) | G20: =IF(D20="","",IFERROR(INDEX(الأصناف!$C$2:$C$2000,MATCH(D20,الأصناف!$A$2:$A$2000,0)),0)) | H20: =IF(D20="","",F20*G20) | I20: =IF(D20="","",H20-F20*IFERROR(INDEX(الأصناف!$D$2:$D$2000,MATCH(D20,الأصناف!$A$2:$A$2000,0)),0)) | K20: =IF(OR(B20="",B20<>الإيصال!$C$3),"",COUNTIF(B$2:B20,الإيصال!$C$3))
E21: =IF(D21="","",IFERROR(INDEX(الأصناف!$B$2:$B$2000,MATCH(D21,الأصناف!$A$2:$A$2000,0)),"كود غير موجود")) | G21: =IF(D21="","",IFERROR(INDEX(الأصناف!$C$2:$C$2000,MATCH(D21,الأصناف!$A$2:$A$2000,0)),0)) | H21: =IF(D21="","",F21*G21) | I21: =IF(D21="","",H21-F21*IFERROR(INDEX(الأصناف!$D$2:$D$2000,MATCH(D21,الأصناف!$A$2:$A$2000,0)),0)) | K21: =IF(OR(B21="",B21<>الإيصال!$C$3),"",COUNTIF(B$2:B21,الإيصال!$C$3))
... E2000: =IF(D2000="","",IFERROR(INDEX(الأصناف!$B$2:$B$2000,MATCH(D2000,الأصناف!$A$2:$A$2000,0)),"كود غير موجود")) | G2000: =IF(D2000="","",IFERROR(INDEX(الأصناف!$C$2:$C$2000,MATCH(D2000,الأصناف!$A$2:$A$2000,0)),0)) | H2000: =IF(D2000="","",F2000*G2000) | I2000: =IF(D2000="","",H2000-F2000*IFERROR(INDEX(الأصناف!$D$2:$D$2000,MATCH(D2000,الأصناف!$A$2:$A$2000,0)),0)) | K2000: =IF(OR(B2000="",B2000<>الإيصال!$C$3),"",COUNTIF(B$2:B2000,الإيصال!$C$3))

Sheet المصروفات
A1: التاريخ | B1: البند | C1: المبلغ | D1: ملاحظة
A2: 46275 | B2: شحن | C2: 60
A3: 46299 | B3: تسويق | C3: 100 | D3: إعلان

Sheet الملخص
A1: الشهر | B1: المبيعات | C1: الربح من المبيعات | D1: المصروفات | E1: صافي الربح | F1: عدد الإيصالات | H1: السنة | I1: 2026
A2: يناير | B2: =SUMIFS(المبيعات!$H$2:$H$2000,المبيعات!$A$2:$A$2000,">="&DATE($I$1,1,1),المبيعات!$A$2:$A$2000,"<="&EOMONTH(DATE($I$1,1,1),0)) | C2: =SUMIFS(المبيعات!$I$2:$I$2000,المبيعات!$A$2:$A$2000,">="&DATE($I$1,1,1),المبيعات!$A$2:$A$2000,"<="&EOMONTH(DATE($I$1,1,1),0)) | D2: =SUMIFS(المصروفات!$C$2:$C$2000,المصروفات!$A$2:$A$2000,">="&DATE($I$1,1,1),المصروفات!$A$2:$A$2000,"<="&EOMONTH(DATE($I$1,1,1),0)) | E2: =C2-D2 | F2: =SUMPRODUCT((المبيعات!$A$2:$A$2000>=DATE($I$1,1,1))*(المبيعات!$A$2:$A$2000<=EOMONTH(DATE($I$1,1,1),0))*(المبيعات!$B$2:$B$2000<>"")/COUNTIFS(المبيعات!$B$2:$B$2000,المبيعات!$B$2:$B$2000&""))
A3: فبراير | B3: =SUMIFS(المبيعات!$H$2:$H$2000,المبيعات!$A$2:$A$2000,">="&DATE($I$1,2,1),المبيعات!$A$2:$A$2000,"<="&EOMONTH(DATE($I$1,2,1),0)) | C3: =SUMIFS(المبيعات!$I$2:$I$2000,المبيعات!$A$2:$A$2000,">="&DATE($I$1,2,1),المبيعات!$A$2:$A$2000,"<="&EOMONTH(DATE($I$1,2,1),0)) | D3: =SUMIFS(المصروفات!$C$2:$C$2000,المصروفات!$A$2:$A$2000,">="&DATE($I$1,2,1),المصروفات!$A$2:$A$2000,"<="&EOMONTH(DATE($I$1,2,1),0)) | E3: =C3-D3 | F3: =SUMPRODUCT((المبيعات!$A$2:$A$2000>=DATE($I$1,2,1))*(المبيعات!$A$2:$A$2000<=EOMONTH(DATE($I$1,2,1),0))*(المبيعات!$B$2:$B$2000<>"")/COUNTIFS(المبيعات!$B$2:$B$2000,المبيعات!$B$2:$B$2000&""))
A4: مارس | B4: =SUMIFS(المبيعات!$H$2:$H$2000,المبيعات!$A$2:$A$2000,">="&DATE($I$1,3,1),المبيعات!$A$2:$A$2000,"<="&EOMONTH(DATE($I$1,3,1),0)) | C4: =SUMIFS(المبيعات!$I$2:$I$2000,المبيعات!$A$2:$A$2000,">="&DATE($I$1,3,1),المبيعات!$A$2:$A$2000,"<="&EOMONTH(DATE($I$1,3,1),0)) | D4: =SUMIFS(المصروفات!$C$2:$C$2000,المصروفات!$A$2:$A$2000,">="&DATE($I$1,3,1),المصروفات!$A$2:$A$2000,"<="&EOMONTH(DATE($I$1,3,1),0)) | E4: =C4-D4 | F4: =SUMPRODUCT((المبيعات!$A$2:$A$2000>=DATE($I$1,3,1))*(المبيعات!$A$2:$A$2000<=EOMONTH(DATE($I$1,3,1),0))*(المبيعات!$B$2:$B$2000<>"")/COUNTIFS(المبيعات!$B$2:$B$2000,المبيعات!$B$2:$B$2000&""))
A5: أبريل | B5: =SUMIFS(المبيعات!$H$2:$H$2000,المبيعات!$A$2:$A$2000,">="&DATE($I$1,4,1),المبيعات!$A$2:$A$2000,"<="&EOMONTH(DATE($I$1,4,1),0)) | C5: =SUMIFS(المبيعات!$I$2:$I$2000,المبيعات!$A$2:$A$2000,">="&DATE($I$1,4,1),المبيعات!$A$2:$A$2000,"<="&EOMONTH(DATE($I$1,4,1),0)) | D5: =SUMIFS(المصروفات!$C$2:$C$2000,المصروفات!$A$2:$A$2000,">="&DATE($I$1,4,1),المصروفات!$A$2:$A$2000,"<="&EOMONTH(DATE($I$1,4,1),0)) | E5: =C5-D5 | F5: =SUMPRODUCT((المبيعات!$A$2:$A$2000>=DATE($I$1,4,1))*(المبيعات!$A$2:$A$2000<=EOMONTH(DATE($I$1,4,1),0))*(المبيعات!$B$2:$B$2000<>"")/COUNTIFS(المبيعات!$B$2:$B$2000,المبيعات!$B$2:$B$2000&""))
A6: مايو | B6: =SUMIFS(المبيعات!$H$2:$H$2000,المبيعات!$A$2:$A$2000,">="&DATE($I$1,5,1),المبيعات!$A$2:$A$2000,"<="&EOMONTH(DATE($I$1,5,1),0)) | C6: =SUMIFS(المبيعات!$I$2:$I$2000,المبيعات!$A$2:$A$2000,">="&DATE($I$1,5,1),المبيعات!$A$2:$A$2000,"<="&EOMONTH(DATE($I$1,5,1),0)) | D6: =SUMIFS(المصروفات!$C$2:$C$2000,المصروفات!$A$2:$A$2000,">="&DATE($I$1,5,1),المصروفات!$A$2:$A$2000,"<="&EOMONTH(DATE($I$1,5,1),0)) | E6: =C6-D6 | F6: =SUMPRODUCT((المبيعات!$A$2:$A$2000>=DATE($I$1,5,1))*(المبيعات!$A$2:$A$2000<=EOMONTH(DATE($I$1,5,1),0))*(المبيعات!$B$2:$B$2000<>"")/COUNTIFS(المبيعات!$B$2:$B$2000,المبيعات!$B$2:$B$2000&""))
A7: يونيو | B7: =SUMIFS(المبيعات!$H$2:$H$2000,المبيعات!$A$2:$A$2000,">="&DATE($I$1,6,1),المبيعات!$A$2:$A$2000,"<="&EOMONTH(DATE($I$1,6,1),0)) | C7: =SUMIFS(المبيعات!$I$2:$I$2000,المبيعات!$A$2:$A$2000,">="&DATE($I$1,6,1),المبيعات!$A$2:$A$2000,"<="&EOMONTH(DATE($I$1,6,1),0)) | D7: =SUMIFS(المصروفات!$C$2:$C$2000,المصروفات!$A$2:$A$2000,">="&DATE($I$1,6,1),المصروفات!$A$2:$A$2000,"<="&EOMONTH(DATE($I$1,6,1),0)) | E7: =C7-D7 | F7: =SUMPRODUCT((المبيعات!$A$2:$A$2000>=DATE($I$1,6,1))*(المبيعات!$A$2:$A$2000<=EOMONTH(DATE($I$1,6,1),0))*(المبيعات!$B$2:$B$2000<>"")/COUNTIFS(المبيعات!$B$2:$B$2000,المبيعات!$B$2:$B$2000&""))
A8: يوليو | B8: =SUMIFS(المبيعات!$H$2:$H$2000,المبيعات!$A$2:$A$2000,">="&DATE($I$1,7,1),المبيعات!$A$2:$A$2000,"<="&EOMONTH(DATE($I$1,7,1),0)) | C8: =SUMIFS(المبيعات!$I$2:$I$2000,المبيعات!$A$2:$A$2000,">="&DATE($I$1,7,1),المبيعات!$A$2:$A$2000,"<="&EOMONTH(DATE($I$1,7,1),0)) | D8: =SUMIFS(المصروفات!$C$2:$C$2000,المصروفات!$A$2:$A$2000,">="&DATE($I$1,7,1),المصروفات!$A$2:$A$2000,"<="&EOMONTH(DATE($I$1,7,1),0)) | E8: =C8-D8 | F8: =SUMPRODUCT((المبيعات!$A$2:$A$2000>=DATE($I$1,7,1))*(المبيعات!$A$2:$A$2000<=EOMONTH(DATE($I$1,7,1),0))*(المبيعات!$B$2:$B$2000<>"")/COUNTIFS(المبيعات!$B$2:$B$2000,المبيعات!$B$2:$B$2000&""))
A9: أغسطس | B9: =SUMIFS(المبيعات!$H$2:$H$2000,المبيعات!$A$2:$A$2000,">="&DATE($I$1,8,1),المبيعات!$A$2:$A$2000,"<="&EOMONTH(DATE($I$1,8,1),0)) | C9: =SUMIFS(المبيعات!$I$2:$I$2000,المبيعات!$A$2:$A$2000,">="&DATE($I$1,8,1),المبيعات!$A$2:$A$2000,"<="&EOMONTH(DATE($I$1,8,1),0)) | D9: =SUMIFS(المصروفات!$C$2:$C$2000,المصروفات!$A$2:$A$2000,">="&DATE($I$1,8,1),المصروفات!$A$2:$A$2000,"<="&EOMONTH(DATE($I$1,8,1),0)) | E9: =C9-D9 | F9: =SUMPRODUCT((المبيعات!$A$2:$A$2000>=DATE($I$1,8,1))*(المبيعات!$A$2:$A$2000<=EOMONTH(DATE($I$1,8,1),0))*(المبيعات!$B$2:$B$2000<>"")/COUNTIFS(المبيعات!$B$2:$B$2000,المبيعات!$B$2:$B$2000&""))
A10: سبتمبر | B10: =SUMIFS(المبيعات!$H$2:$H$2000,المبيعات!$A$2:$A$2000,">="&DATE($I$1,9,1),المبيعات!$A$2:$A$2000,"<="&EOMONTH(DATE($I$1,9,1),0)) | C10: =SUMIFS(المبيعات!$I$2:$I$2000,المبيعات!$A$2:$A$2000,">="&DATE($I$1,9,1),المبيعات!$A$2:$A$2000,"<="&EOMONTH(DATE($I$1,9,1),0)) | D10: =SUMIFS(المصروفات!$C$2:$C$2000,المصروفات!$A$2:$A$2000,">="&DATE($I$1,9,1),المصروفات!$A$2:$A$2000,"<="&EOMONTH(DATE($I$1,9,1),0)) | E10: =C10-D10 | F10: =SUMPRODUCT((المبيعات!$A$2:$A$2000>=DATE($I$1,9,1))*(المبيعات!$A$2:$A$2000<=EOMONTH(DATE($I$1,9,1),0))*(المبيعات!$B$2:$B$2000<>"")/COUNTIFS(المبيعات!$B$2:$B$2000,المبيعات!$B$2:$B$2000&""))
A11: أكتوبر | B11: =SUMIFS(المبيعات!$H$2:$H$2000,المبيعات!$A$2:$A$2000,">="&DATE($I$1,10,1),المبيعات!$A$2:$A$2000,"<="&EOMONTH(DATE($I$1,10,1),0)) | C11: =SUMIFS(المبيعات!$I$2:$I$2000,المبيعات!$A$2:$A$2000,">="&DATE($I$1,10,1),المبيعات!$A$2:$A$2000,"<="&EOMONTH(DATE($I$1,10,1),0)) | D11: =SUMIFS(المصروفات!$C$2:$C$2000,المصروفات!$A$2:$A$2000,">="&DATE($I$1,10,1),المصروفات!$A$2:$A$2000,"<="&EOMONTH(DATE($I$1,10,1),0)) | E11: =C11-D11 | F11: =SUMPRODUCT((المبيعات!$A$2:$A$2000>=DATE($I$1,10,1))*(المبيعات!$A$2:$A$2000<=EOMONTH(DATE($I$1,10,1),0))*(المبيعات!$B$2:$B$2000<>"")/COUNTIFS(المبيعات!$B$2:$B$2000,المبيعات!$B$2:$B$2000&""))
A12: نوفمبر | B12: =SUMIFS(المبيعات!$H$2:$H$2000,المبيعات!$A$2:$A$2000,">="&DATE($I$1,11,1),المبيعات!$A$2:$A$2000,"<="&EOMONTH(DATE($I$1,11,1),0)) | C12: =SUMIFS(المبيعات!$I$2:$I$2000,المبيعات!$A$2:$A$2000,">="&DATE($I$1,11,1),المبيعات!$A$2:$A$2000,"<="&EOMONTH(DATE($I$1,11,1),0)) | D12: =SUMIFS(المصروفات!$C$2:$C$2000,المصروفات!$A$2:$A$2000,">="&DATE($I$1,11,1),المصروفات!$A$2:$A$2000,"<="&EOMONTH(DATE($I$1,11,1),0)) | E12: =C12-D12 | F12: =SUMPRODUCT((المبيعات!$A$2:$A$2000>=DATE($I$1,11,1))*(المبيعات!$A$2:$A$2000<=EOMONTH(DATE($I$1,11,1),0))*(المبيعات!$B$2:$B$2000<>"")/COUNTIFS(المبيعات!$B$2:$B$2000,المبيعات!$B$2:$B$2000&""))
A13: ديسمبر | B13: =SUMIFS(المبيعات!$H$2:$H$2000,المبيعات!$A$2:$A$2000,">="&DATE($I$1,12,1),المبيعات!$A$2:$A$2000,"<="&EOMONTH(DATE($I$1,12,1),0)) | C13: =SUMIFS(المبيعات!$I$2:$I$2000,المبيعات!$A$2:$A$2000,">="&DATE($I$1,12,1),المبيعات!$A$2:$A$2000,"<="&EOMONTH(DATE($I$1,12,1),0)) | D13: =SUMIFS(المصروفات!$C$2:$C$2000,المصروفات!$A$2:$A$2000,">="&DATE($I$1,12,1),المصروفات!$A$2:$A$2000,"<="&EOMONTH(DATE($I$1,12,1),0)) | E13: =C13-D13 | F13: =SUMPRODUCT((المبيعات!$A$2:$A$2000>=DATE($I$1,12,1))*(المبيعات!$A$2:$A$2000<=EOMONTH(DATE($I$1,12,1),0))*(المبيعات!$B$2:$B$2000<>"")/COUNTIFS(المبيعات!$B$2:$B$2000,المبيعات!$B$2:$B$2000&""))
A14: المجموع | B14: =SUM(B2:B13) | C14: =SUM(C2:C13) | D14: =SUM(D2:D13) | E14: =SUM(E2:E13) | F14: =SUM(F2:F13)

Sheet العملاء
A1: العميل | B1: الجوال | C1: عدد الإيصالات | D1: إجمالي المشتريات | E1: آخر شراء | F1: مبيعات آجلة | G1: المدفوع منها | H1: المتبقي عليه
A2: أبو خالد | B2: 0500000001 | C2: =IF(A2="","",SUMPRODUCT((المبيعات!$C$2:$C$2000=A2)*(المبيعات!$B$2:$B$2000<>"")/COUNTIFS(المبيعات!$B$2:$B$2000,المبيعات!$B$2:$B$2000&"",المبيعات!$C$2:$C$2000,المبيعات!$C$2:$C$2000&""))) | D2: =IF(A2="","",SUMIFS(المبيعات!$H$2:$H$2000,المبيعات!$C$2:$C$2000,A2)) | E2: =IF(A2="","",IF(COUNTIF(المبيعات!$C$2:$C$2000,A2)=0,"",_xlfn.MAXIFS(المبيعات!$A$2:$A$2000,المبيعات!$C$2:$C$2000,A2))) | F2: =IF(A2="","",SUMIFS(المبيعات!$H$2:$H$2000,المبيعات!$C$2:$C$2000,A2,المبيعات!$J$2:$J$2000,"آجل")) | G2: 0 | H2: =IF(A2="","",F2-G2)
A3: متجر الورود | B3: 0500000002 | C3: =IF(A3="","",SUMPRODUCT((المبيعات!$C$2:$C$2000=A3)*(المبيعات!$B$2:$B$2000<>"")/COUNTIFS(المبيعات!$B$2:$B$2000,المبيعات!$B$2:$B$2000&"",المبيعات!$C$2:$C$2000,المبيعات!$C$2:$C$2000&""))) | D3: =IF(A3="","",SUMIFS(المبيعات!$H$2:$H$2000,المبيعات!$C$2:$C$2000,A3)) | E3: =IF(A3="","",IF(COUNTIF(المبيعات!$C$2:$C$2000,A3)=0,"",_xlfn.MAXIFS(المبيعات!$A$2:$A$2000,المبيعات!$C$2:$C$2000,A3))) | F3: =IF(A3="","",SUMIFS(المبيعات!$H$2:$H$2000,المبيعات!$C$2:$C$2000,A3,المبيعات!$J$2:$J$2000,"آجل")) | G3: 0 | H3: =IF(A3="","",F3-G3)
A4: نورة | B4: 0500000003 | C4: =IF(A4="","",SUMPRODUCT((المبيعات!$C$2:$C$2000=A4)*(المبيعات!$B$2:$B$2000<>"")/COUNTIFS(المبيعات!$B$2:$B$2000,المبيعات!$B$2:$B$2000&"",المبيعات!$C$2:$C$2000,المبيعات!$C$2:$C$2000&""))) | D4: =IF(A4="","",SUMIFS(المبيعات!$H$2:$H$2000,المبيعات!$C$2:$C$2000,A4)) | E4: =IF(A4="","",IF(COUNTIF(المبيعات!$C$2:$C$2000,A4)=0,"",_xlfn.MAXIFS(المبيعات!$A$2:$A$2000,المبيعات!$C$2:$C$2000,A4))) | F4: =IF(A4="","",SUMIFS(المبيعات!$H$2:$H$2000,المبيعات!$C$2:$C$2000,A4,المبيعات!$J$2:$J$2000,"آجل")) | G4: 50 | H4: =IF(A4="","",F4-G4)
C5: =IF(A5="","",SUMPRODUCT((المبيعات!$C$2:$C$2000=A5)*(المبيعات!$B$2:$B$2000<>"")/COUNTIFS(المبيعات!$B$2:$B$2000,المبيعات!$B$2:$B$2000&"",المبيعات!$C$2:$C$2000,المبيعات!$C$2:$C$2000&""))) | D5: =IF(A5="","",SUMIFS(المبيعات!$H$2:$H$2000,المبيعات!$C$2:$C$2000,A5)) | E5: =IF(A5="","",IF(COUNTIF(المبيعات!$C$2:$C$2000,A5)=0,"",_xlfn.MAXIFS(المبيعات!$A$2:$A$2000,المبيعات!$C$2:$C$2000,A5))) | F5: =IF(A5="","",SUMIFS(المبيعات!$H$2:$H$2000,المبيعات!$C$2:$C$2000,A5,المبيعات!$J$2:$J$2000,"آجل")) | H5: =IF(A5="","",F5-G5)
C6: =IF(A6="","",SUMPRODUCT((المبيعات!$C$2:$C$2000=A6)*(المبيعات!$B$2:$B$2000<>"")/COUNTIFS(المبيعات!$B$2:$B$2000,المبيعات!$B$2:$B$2000&"",المبيعات!$C$2:$C$2000,المبيعات!$C$2:$C$2000&""))) | D6: =IF(A6="","",SUMIFS(المبيعات!$H$2:$H$2000,المبيعات!$C$2:$C$2000,A6)) | E6: =IF(A6="","",IF(COUNTIF(المبيعات!$C$2:$C$2000,A6)=0,"",_xlfn.MAXIFS(المبيعات!$A$2:$A$2000,المبيعات!$C$2:$C$2000,A6))) | F6: =IF(A6="","",SUMIFS(المبيعات!$H$2:$H$2000,المبيعات!$C$2:$C$2000,A6,المبيعات!$J$2:$J$2000,"آجل")) | H6: =IF(A6="","",F6-G6)
C7: =IF(A7="","",SUMPRODUCT((المبيعات!$C$2:$C$2000=A7)*(المبيعات!$B$2:$B$2000<>"")/COUNTIFS(المبيعات!$B$2:$B$2000,المبيعات!$B$2:$B$2000&"",المبيعات!$C$2:$C$2000,المبيعات!$C$2:$C$2000&""))) | D7: =IF(A7="","",SUMIFS(المبيعات!$H$2:$H$2000,المبيعات!$C$2:$C$2000,A7)) | E7: =IF(A7="","",IF(COUNTIF(المبيعات!$C$2:$C$2000,A7)=0,"",_xlfn.MAXIFS(المبيعات!$A$2:$A$2000,المبيعات!$C$2:$C$2000,A7))) | F7: =IF(A7="","",SUMIFS(المبيعات!$H$2:$H$2000,المبيعات!$C$2:$C$2000,A7,المبيعات!$J$2:$J$2000,"آجل")) | H7: =IF(A7="","",F7-G7)
C8: =IF(A8="","",SUMPRODUCT((المبيعات!$C$2:$C$2000=A8)*(المبيعات!$B$2:$B$2000<>"")/COUNTIFS(المبيعات!$B$2:$B$2000,المبيعات!$B$2:$B$2000&"",المبيعات!$C$2:$C$2000,المبيعات!$C$2:$C$2000&""))) | D8: =IF(A8="","",SUMIFS(المبيعات!$H$2:$H$2000,المبيعات!$C$2:$C$2000,A8)) | E8: =IF(A8="","",IF(COUNTIF(المبيعات!$C$2:$C$2000,A8)=0,"",_xlfn.MAXIFS(المبيعات!$A$2:$A$2000,المبيعات!$C$2:$C$2000,A8))) | F8: =IF(A8="","",SUMIFS(المبيعات!$H$2:$H$2000,المبيعات!$C$2:$C$2000,A8,المبيعات!$J$2:$J$2000,"آجل")) | H8: =IF(A8="","",F8-G8)
C9: =IF(A9="","",SUMPRODUCT((المبيعات!$C$2:$C$2000=A9)*(المبيعات!$B$2:$B$2000<>"")/COUNTIFS(المبيعات!$B$2:$B$2000,المبيعات!$B$2:$B$2000&"",المبيعات!$C$2:$C$2000,المبيعات!$C$2:$C$2000&""))) | D9: =IF(A9="","",SUMIFS(المبيعات!$H$2:$H$2000,المبيعات!$C$2:$C$2000,A9)) | E9: =IF(A9="","",IF(COUNTIF(المبيعات!$C$2:$C$2000,A9)=0,"",_xlfn.MAXIFS(المبيعات!$A$2:$A$2000,المبيعات!$C$2:$C$2000,A9))) | F9: =IF(A9="","",SUMIFS(المبيعات!$H$2:$H$2000,المبيعات!$C$2:$C$2000,A9,المبيعات!$J$2:$J$2000,"آجل")) | H9: =IF(A9="","",F9-G9)
C10: =IF(A10="","",SUMPRODUCT((المبيعات!$C$2:$C$2000=A10)*(المبيعات!$B$2:$B$2000<>"")/COUNTIFS(المبيعات!$B$2:$B$2000,المبيعات!$B$2:$B$2000&"",المبيعات!$C$2:$C$2000,المبيعات!$C$2:$C$2000&""))) | D10: =IF(A10="","",SUMIFS(المبيعات!$H$2:$H$2000,المبيعات!$C$2:$C$2000,A10)) | E10: =IF(A10="","",IF(COUNTIF(المبيعات!$C$2:$C$2000,A10)=0,"",_xlfn.MAXIFS(المبيعات!$A$2:$A$2000,المبيعات!$C$2:$C$2000,A10))) | F10: =IF(A10="","",SUMIFS(المبيعات!$H$2:$H$2000,المبيعات!$C$2:$C$2000,A10,المبيعات!$J$2:$J$2000,"آجل")) | H10: =IF(A10="","",F10-G10)
C11: =IF(A11="","",SUMPRODUCT((المبيعات!$C$2:$C$2000=A11)*(المبيعات!$B$2:$B$2000<>"")/COUNTIFS(المبيعات!$B$2:$B$2000,المبيعات!$B$2:$B$2000&"",المبيعات!$C$2:$C$2000,المبيعات!$C$2:$C$2000&""))) | D11: =IF(A11="","",SUMIFS(المبيعات!$H$2:$H$2000,المبيعات!$C$2:$C$2000,A11)) | E11: =IF(A11="","",IF(COUNTIF(المبيعات!$C$2:$C$2000,A11)=0,"",_xlfn.MAXIFS(المبيعات!$A$2:$A$2000,المبيعات!$C$2:$C$2000,A11))) | F11: =IF(A11="","",SUMIFS(المبيعات!$H$2:$H$2000,المبيعات!$C$2:$C$2000,A11,المبيعات!$J$2:$J$2000,"آجل")) | H11: =IF(A11="","",F11-G11)
C12: =IF(A12="","",SUMPRODUCT((المبيعات!$C$2:$C$2000=A12)*(المبيعات!$B$2:$B$2000<>"")/COUNTIFS(المبيعات!$B$2:$B$2000,المبيعات!$B$2:$B$2000&"",المبيعات!$C$2:$C$2000,المبيعات!$C$2:$C$2000&""))) | D12: =IF(A12="","",SUMIFS(المبيعات!$H$2:$H$2000,المبيعات!$C$2:$C$2000,A12)) | E12: =IF(A12="","",IF(COUNTIF(المبيعات!$C$2:$C$2000,A12)=0,"",_xlfn.MAXIFS(المبيعات!$A$2:$A$2000,المبيعات!$C$2:$C$2000,A12))) | F12: =IF(A12="","",SUMIFS(المبيعات!$H$2:$H$2000,المبيعات!$C$2:$C$2000,A12,المبيعات!$J$2:$J$2000,"آجل")) | H12: =IF(A12="","",F12-G12)
C13: =IF(A13="","",SUMPRODUCT((المبيعات!$C$2:$C$2000=A13)*(المبيعات!$B$2:$B$2000<>"")/COUNTIFS(المبيعات!$B$2:$B$2000,المبيعات!$B$2:$B$2000&"",المبيعات!$C$2:$C$2000,المبيعات!$C$2:$C$2000&""))) | D13: =IF(A13="","",SUMIFS(المبيعات!$H$2:$H$2000,المبيعات!$C$2:$C$2000,A13)) | E13: =IF(A13="","",IF(COUNTIF(المبيعات!$C$2:$C$2000,A13)=0,"",_xlfn.MAXIFS(المبيعات!$A$2:$A$2000,المبيعات!$C$2:$C$2000,A13))) | F13: =IF(A13="","",SUMIFS(المبيعات!$H$2:$H$2000,المبيعات!$C$2:$C$2000,A13,المبيعات!$J$2:$J$2000,"آجل")) | H13: =IF(A13="","",F13-G13)
C14: =IF(A14="","",SUMPRODUCT((المبيعات!$C$2:$C$2000=A14)*(المبيعات!$B$2:$B$2000<>"")/COUNTIFS(المبيعات!$B$2:$B$2000,المبيعات!$B$2:$B$2000&"",المبيعات!$C$2:$C$2000,المبيعات!$C$2:$C$2000&""))) | D14: =IF(A14="","",SUMIFS(المبيعات!$H$2:$H$2000,المبيعات!$C$2:$C$2000,A14)) | E14: =IF(A14="","",IF(COUNTIF(المبيعات!$C$2:$C$2000,A14)=0,"",_xlfn.MAXIFS(المبيعات!$A$2:$A$2000,المبيعات!$C$2:$C$2000,A14))) | F14: =IF(A14="","",SUMIFS(المبيعات!$H$2:$H$2000,المبيعات!$C$2:$C$2000,A14,المبيعات!$J$2:$J$2000,"آجل")) | H14: =IF(A14="","",F14-G14)
C15: =IF(A15="","",SUMPRODUCT((المبيعات!$C$2:$C$2000=A15)*(المبيعات!$B$2:$B$2000<>"")/COUNTIFS(المبيعات!$B$2:$B$2000,المبيعات!$B$2:$B$2000&"",المبيعات!$C$2:$C$2000,المبيعات!$C$2:$C$2000&""))) | D15: =IF(A15="","",SUMIFS(المبيعات!$H$2:$H$2000,المبيعات!$C$2:$C$2000,A15)) | E15: =IF(A15="","",IF(COUNTIF(المبيعات!$C$2:$C$2000,A15)=0,"",_xlfn.MAXIFS(المبيعات!$A$2:$A$2000,المبيعات!$C$2:$C$2000,A15))) | F15: =IF(A15="","",SUMIFS(المبيعات!$H$2:$H$2000,المبيعات!$C$2:$C$2000,A15,المبيعات!$J$2:$J$2000,"آجل")) | H15: =IF(A15="","",F15-G15)
C16: =IF(A16="","",SUMPRODUCT((المبيعات!$C$2:$C$2000=A16)*(المبيعات!$B$2:$B$2000<>"")/COUNTIFS(المبيعات!$B$2:$B$2000,المبيعات!$B$2:$B$2000&"",المبيعات!$C$2:$C$2000,المبيعات!$C$2:$C$2000&""))) | D16: =IF(A16="","",SUMIFS(المبيعات!$H$2:$H$2000,المبيعات!$C$2:$C$2000,A16)) | E16: =IF(A16="","",IF(COUNTIF(المبيعات!$C$2:$C$2000,A16)=0,"",_xlfn.MAXIFS(المبيعات!$A$2:$A$2000,المبيعات!$C$2:$C$2000,A16))) | F16: =IF(A16="","",SUMIFS(المبيعات!$H$2:$H$2000,المبيعات!$C$2:$C$2000,A16,المبيعات!$J$2:$J$2000,"آجل")) | H16: =IF(A16="","",F16-G16)
... C2000: =IF(A2000="","",SUMPRODUCT((المبيعات!$C$2:$C$2000=A2000)*(المبيعات!$B$2:$B$2000<>"")/COUNTIFS(المبيعات!$B$2:$B$2000,المبيعات!$B$2:$B$2000&"",المبيعات!$C$2:$C$2000,المبيعات!$C$2:$C$2000&""))) | D2000: =IF(A2000="","",SUMIFS(المبيعات!$H$2:$H$2000,المبيعات!$C$2:$C$2000,A2000)) | E2000: =IF(A2000="","",IF(COUNTIF(المبيعات!$C$2:$C$2000,A2000)=0,"",_xlfn.MAXIFS(المبيعات!$A$2:$A$2000,المبيعات!$C$2:$C$2000,A2000))) | F2000: =IF(A2000="","",SUMIFS(المبيعات!$H$2:$H$2000,المبيعات!$C$2:$C$2000,A2000,المبيعات!$J$2:$J$2000,"آجل")) | H2000: =IF(A2000="","",F2000-G2000)

Sheet الإيصال
B1: اسم المتجر هنا | E1: إيصال بيع
B3: رقم الإيصال | C3: 1001 | E3: طريقة الدفع | F3: =IFERROR(INDEX(المبيعات!$J$2:$J$2000,MATCH($C$3,المبيعات!$B$2:$B$2000,0))&"","")
B4: التاريخ | C4: =IFERROR(INDEX(المبيعات!$A$2:$A$2000,MATCH($C$3,المبيعات!$B$2:$B$2000,0)),"")
B5: العميل | C5: =IFERROR(INDEX(المبيعات!$C$2:$C$2000,MATCH($C$3,المبيعات!$B$2:$B$2000,0))&"","")
A7: # | B7: الكود | C7: الصنف | D7: الكمية | E7: سعر الوحدة | F7: الإجمالي
A8: =IF(ISNUMBER(MATCH(1,المبيعات!$K$2:$K$2000,0)),1,"") | B8: =IFERROR(INDEX(المبيعات!$D$2:$D$2000,MATCH(1,المبيعات!$K$2:$K$2000,0)),"") | C8: =IFERROR(INDEX(المبيعات!$E$2:$E$2000,MATCH(1,المبيعات!$K$2:$K$2000,0)),"") | D8: =IFERROR(INDEX(المبيعات!$F$2:$F$2000,MATCH(1,المبيعات!$K$2:$K$2000,0)),"") | E8: =IFERROR(INDEX(المبيعات!$G$2:$G$2000,MATCH(1,المبيعات!$K$2:$K$2000,0)),"") | F8: =IFERROR(INDEX(المبيعات!$H$2:$H$2000,MATCH(1,المبيعات!$K$2:$K$2000,0)),"")
A9: =IF(ISNUMBER(MATCH(2,المبيعات!$K$2:$K$2000,0)),2,"") | B9: =IFERROR(INDEX(المبيعات!$D$2:$D$2000,MATCH(2,المبيعات!$K$2:$K$2000,0)),"") | C9: =IFERROR(INDEX(المبيعات!$E$2:$E$2000,MATCH(2,المبيعات!$K$2:$K$2000,0)),"") | D9: =IFERROR(INDEX(المبيعات!$F$2:$F$2000,MATCH(2,المبيعات!$K$2:$K$2000,0)),"") | E9: =IFERROR(INDEX(المبيعات!$G$2:$G$2000,MATCH(2,المبيعات!$K$2:$K$2000,0)),"") | F9: =IFERROR(INDEX(المبيعات!$H$2:$H$2000,MATCH(2,المبيعات!$K$2:$K$2000,0)),"")
A10: =IF(ISNUMBER(MATCH(3,المبيعات!$K$2:$K$2000,0)),3,"") | B10: =IFERROR(INDEX(المبيعات!$D$2:$D$2000,MATCH(3,المبيعات!$K$2:$K$2000,0)),"") | C10: =IFERROR(INDEX(المبيعات!$E$2:$E$2000,MATCH(3,المبيعات!$K$2:$K$2000,0)),"") | D10: =IFERROR(INDEX(المبيعات!$F$2:$F$2000,MATCH(3,المبيعات!$K$2:$K$2000,0)),"") | E10: =IFERROR(INDEX(المبيعات!$G$2:$G$2000,MATCH(3,المبيعات!$K$2:$K$2000,0)),"") | F10: =IFERROR(INDEX(المبيعات!$H$2:$H$2000,MATCH(3,المبيعات!$K$2:$K$2000,0)),"")
A11: =IF(ISNUMBER(MATCH(4,المبيعات!$K$2:$K$2000,0)),4,"") | B11: =IFERROR(INDEX(المبيعات!$D$2:$D$2000,MATCH(4,المبيعات!$K$2:$K$2000,0)),"") | C11: =IFERROR(INDEX(المبيعات!$E$2:$E$2000,MATCH(4,المبيعات!$K$2:$K$2000,0)),"") | D11: =IFERROR(INDEX(المبيعات!$F$2:$F$2000,MATCH(4,المبيعات!$K$2:$K$2000,0)),"") | E11: =IFERROR(INDEX(المبيعات!$G$2:$G$2000,MATCH(4,المبيعات!$K$2:$K$2000,0)),"") | F11: =IFERROR(INDEX(المبيعات!$H$2:$H$2000,MATCH(4,المبيعات!$K$2:$K$2000,0)),"")
A12: =IF(ISNUMBER(MATCH(5,المبيعات!$K$2:$K$2000,0)),5,"") | B12: =IFERROR(INDEX(المبيعات!$D$2:$D$2000,MATCH(5,المبيعات!$K$2:$K$2000,0)),"") | C12: =IFERROR(INDEX(المبيعات!$E$2:$E$2000,MATCH(5,المبيعات!$K$2:$K$2000,0)),"") | D12: =IFERROR(INDEX(المبيعات!$F$2:$F$2000,MATCH(5,المبيعات!$K$2:$K$2000,0)),"") | E12: =IFERROR(INDEX(المبيعات!$G$2:$G$2000,MATCH(5,المبيعات!$K$2:$K$2000,0)),"") | F12: =IFERROR(INDEX(المبيعات!$H$2:$H$2000,MATCH(5,المبيعات!$K$2:$K$2000,0)),"")
A13: =IF(ISNUMBER(MATCH(6,المبيعات!$K$2:$K$2000,0)),6,"") | B13: =IFERROR(INDEX(المبيعات!$D$2:$D$2000,MATCH(6,المبيعات!$K$2:$K$2000,0)),"") | C13: =IFERROR(INDEX(المبيعات!$E$2:$E$2000,MATCH(6,المبيعات!$K$2:$K$2000,0)),"") | D13: =IFERROR(INDEX(المبيعات!$F$2:$F$2000,MATCH(6,المبيعات!$K$2:$K$2000,0)),"") | E13: =IFERROR(INDEX(المبيعات!$G$2:$G$2000,MATCH(6,المبيعات!$K$2:$K$2000,0)),"") | F13: =IFERROR(INDEX(المبيعات!$H$2:$H$2000,MATCH(6,المبيعات!$K$2:$K$2000,0)),"")
A14: =IF(ISNUMBER(MATCH(7,المبيعات!$K$2:$K$2000,0)),7,"") | B14: =IFERROR(INDEX(المبيعات!$D$2:$D$2000,MATCH(7,المبيعات!$K$2:$K$2000,0)),"") | C14: =IFERROR(INDEX(المبيعات!$E$2:$E$2000,MATCH(7,المبيعات!$K$2:$K$2000,0)),"") | D14: =IFERROR(INDEX(المبيعات!$F$2:$F$2000,MATCH(7,المبيعات!$K$2:$K$2000,0)),"") | E14: =IFERROR(INDEX(المبيعات!$G$2:$G$2000,MATCH(7,المبيعات!$K$2:$K$2000,0)),"") | F14: =IFERROR(INDEX(المبيعات!$H$2:$H$2000,MATCH(7,المبيعات!$K$2:$K$2000,0)),"")
A15: =IF(ISNUMBER(MATCH(8,المبيعات!$K$2:$K$2000,0)),8,"") | B15: =IFERROR(INDEX(المبيعات!$D$2:$D$2000,MATCH(8,المبيعات!$K$2:$K$2000,0)),"") | C15: =IFERROR(INDEX(المبيعات!$E$2:$E$2000,MATCH(8,المبيعات!$K$2:$K$2000,0)),"") | D15: =IFERROR(INDEX(المبيعات!$F$2:$F$2000,MATCH(8,المبيعات!$K$2:$K$2000,0)),"") | E15: =IFERROR(INDEX(المبيعات!$G$2:$G$2000,MATCH(8,المبيعات!$K$2:$K$2000,0)),"") | F15: =IFERROR(INDEX(المبيعات!$H$2:$H$2000,MATCH(8,المبيعات!$K$2:$K$2000,0)),"")
A16: =IF(ISNUMBER(MATCH(9,المبيعات!$K$2:$K$2000,0)),9,"") | B16: =IFERROR(INDEX(المبيعات!$D$2:$D$2000,MATCH(9,المبيعات!$K$2:$K$2000,0)),"") | C16: =IFERROR(INDEX(المبيعات!$E$2:$E$2000,MATCH(9,المبيعات!$K$2:$K$2000,0)),"") | D16: =IFERROR(INDEX(المبيعات!$F$2:$F$2000,MATCH(9,المبيعات!$K$2:$K$2000,0)),"") | E16: =IFERROR(INDEX(المبيعات!$G$2:$G$2000,MATCH(9,المبيعات!$K$2:$K$2000,0)),"") | F16: =IFERROR(INDEX(المبيعات!$H$2:$H$2000,MATCH(9,المبيعات!$K$2:$K$2000,0)),"")
A17: =IF(ISNUMBER(MATCH(10,المبيعات!$K$2:$K$2000,0)),10,"") | B17: =IFERROR(INDEX(المبيعات!$D$2:$D$2000,MATCH(10,المبيعات!$K$2:$K$2000,0)),"") | C17: =IFERROR(INDEX(المبيعات!$E$2:$E$2000,MATCH(10,المبيعات!$K$2:$K$2000,0)),"") | D17: =IFERROR(INDEX(المبيعات!$F$2:$F$2000,MATCH(10,المبيعات!$K$2:$K$2000,0)),"") | E17: =IFERROR(INDEX(المبيعات!$G$2:$G$2000,MATCH(10,المبيعات!$K$2:$K$2000,0)),"") | F17: =IFERROR(INDEX(المبيعات!$H$2:$H$2000,MATCH(10,المبيعات!$K$2:$K$2000,0)),"")
A18: =IF(ISNUMBER(MATCH(11,المبيعات!$K$2:$K$2000,0)),11,"") | B18: =IFERROR(INDEX(المبيعات!$D$2:$D$2000,MATCH(11,المبيعات!$K$2:$K$2000,0)),"") | C18: =IFERROR(INDEX(المبيعات!$E$2:$E$2000,MATCH(11,المبيعات!$K$2:$K$2000,0)),"") | D18: =IFERROR(INDEX(المبيعات!$F$2:$F$2000,MATCH(11,المبيعات!$K$2:$K$2000,0)),"") | E18: =IFERROR(INDEX(المبيعات!$G$2:$G$2000,MATCH(11,المبيعات!$K$2:$K$2000,0)),"") | F18: =IFERROR(INDEX(المبيعات!$H$2:$H$2000,MATCH(11,المبيعات!$K$2:$K$2000,0)),"")
A19: =IF(ISNUMBER(MATCH(12,المبيعات!$K$2:$K$2000,0)),12,"") | B19: =IFERROR(INDEX(المبيعات!$D$2:$D$2000,MATCH(12,المبيعات!$K$2:$K$2000,0)),"") | C19: =IFERROR(INDEX(المبيعات!$E$2:$E$2000,MATCH(12,المبيعات!$K$2:$K$2000,0)),"") | D19: =IFERROR(INDEX(المبيعات!$F$2:$F$2000,MATCH(12,المبيعات!$K$2:$K$2000,0)),"") | E19: =IFERROR(INDEX(المبيعات!$G$2:$G$2000,MATCH(12,المبيعات!$K$2:$K$2000,0)),"") | F19: =IFERROR(INDEX(المبيعات!$H$2:$H$2000,MATCH(12,المبيعات!$K$2:$K$2000,0)),"")
A20: =IF(ISNUMBER(MATCH(13,المبيعات!$K$2:$K$2000,0)),13,"") | B20: =IFERROR(INDEX(المبيعات!$D$2:$D$2000,MATCH(13,المبيعات!$K$2:$K$2000,0)),"") | C20: =IFERROR(INDEX(المبيعات!$E$2:$E$2000,MATCH(13,المبيعات!$K$2:$K$2000,0)),"") | D20: =IFERROR(INDEX(المبيعات!$F$2:$F$2000,MATCH(13,المبيعات!$K$2:$K$2000,0)),"") | E20: =IFERROR(INDEX(المبيعات!$G$2:$G$2000,MATCH(13,المبيعات!$K$2:$K$2000,0)),"") | F20: =IFERROR(INDEX(المبيعات!$H$2:$H$2000,MATCH(13,المبيعات!$K$2:$K$2000,0)),"")
A21: =IF(ISNUMBER(MATCH(14,المبيعات!$K$2:$K$2000,0)),14,"") | B21: =IFERROR(INDEX(المبيعات!$D$2:$D$2000,MATCH(14,المبيعات!$K$2:$K$2000,0)),"") | C21: =IFERROR(INDEX(المبيعات!$E$2:$E$2000,MATCH(14,المبيعات!$K$2:$K$2000,0)),"") | D21: =IFERROR(INDEX(المبيعات!$F$2:$F$2000,MATCH(14,المبيعات!$K$2:$K$2000,0)),"") | E21: =IFERROR(INDEX(المبيعات!$G$2:$G$2000,MATCH(14,المبيعات!$K$2:$K$2000,0)),"") | F21: =IFERROR(INDEX(المبيعات!$H$2:$H$2000,MATCH(14,المبيعات!$K$2:$K$2000,0)),"")
A22: =IF(ISNUMBER(MATCH(15,المبيعات!$K$2:$K$2000,0)),15,"") | B22: =IFERROR(INDEX(المبيعات!$D$2:$D$2000,MATCH(15,المبيعات!$K$2:$K$2000,0)),"") | C22: =IFERROR(INDEX(المبيعات!$E$2:$E$2000,MATCH(15,المبيعات!$K$2:$K$2000,0)),"") | D22: =IFERROR(INDEX(المبيعات!$F$2:$F$2000,MATCH(15,المبيعات!$K$2:$K$2000,0)),"") | E22: =IFERROR(INDEX(المبيعات!$G$2:$G$2000,MATCH(15,المبيعات!$K$2:$K$2000,0)),"") | F22: =IFERROR(INDEX(المبيعات!$H$2:$H$2000,MATCH(15,المبيعات!$K$2:$K$2000,0)),"")
E23: الإجمالي | F23: =SUM(F8:F22)
B25: شكرًا لتعاملكم معنا
B26: إيصال داخلي للعميل، وليس فاتورة ضريبية.

Sheet الرسوم
B40: الرسم الدائري يأخذ أول الأصناف فقط؛ لإضافة أصناف: كليك يمين على الرسم ← تحديد البيانات.
